city,CO,NO2,O3,SO2,PM2.5,PM10,overall_aqi
Charleston,270.37,8.05,67.23,0.97,4.7,5.52,75.0
Inglewood,290.39,11.82,75.1,4.11,2.09,4.07,100.0
Denton,277.04,5.48,85.12,1.8,23.14,43.35,125.0
Redding,243.66,1.56,76.53,0.17,0.5,0.74,103.0
Pasadena,253.68,7.54,77.96,1.73,1.82,5.14,107.0
Davie,263.69,10.8,81.54,2.74,6.6,9.6,116.0
Centennial,233.65,8.05,61.51,2.03,0.98,1.37,57.0
Kissimmee,287.06,21.76,65.8,2.06,3.22,4.74,71.0
Rancho Cordova,367.17,16.97,42.2,3.58,4.07,5.34,35.0
Toms River,290.39,6.51,73.67,1.82,2.01,2.76,95.0
San Juan,226.97,0.21,55.08,0.2,1.79,2.67,46.0
McAllen,250.34,2.46,88.69,1.94,16.86,32.81,134.0
Gilbert,280.38,4.41,95.84,1.25,5.4,12.31,152.0
Muncie,310.42,8.74,64.37,0.97,4.93,5.54,66.0
Bossier City,233.65,3.43,73.67,0.66,3.28,4.28,95.0
Garden Grove,320.44,19.88,83.69,7.75,3.2,5.86,121.0
Lauderhill,263.69,10.8,81.54,2.74,6.6,9.6,116.0
Modesto,263.69,4.37,65.09,0.81,1.25,2.18,69.0
Missouri City,243.66,7.37,80.11,5.96,5.26,12.29,112.0
Salinas,287.06,7.63,73.67,1.0,2.94,5.63,95.0
Oakland,280.38,10.37,70.81,3.49,1.92,3.35,86.0
Redondo Beach,290.39,11.82,75.1,4.11,2.09,4.07,100.0
Iowa City,433.92,22.28,38.98,0.52,14.81,16.65,48.0
San Mateo,257.02,6.68,73.67,1.89,1.38,2.43,95.0
Buena Park,554.09,52.09,50.07,13.11,20.99,27.83,65.0
Saint Paul,317.1,16.62,34.69,2.8,2.85,3.8,29.0
South San Francisco,230.31,0.84,80.82,0.22,0.5,0.9,114.0
Decatur,293.73,6.94,69.38,1.82,5.47,6.14,82.0
Guaynabo,226.97,0.17,39.34,0.14,0.83,1.59,33.0
Milpitas,357.15,23.99,61.51,6.56,8.82,13.03,57.0
Marysville,257.02,3.47,77.25,1.22,0.5,0.76,105.0
Lubbock,200.27,0.42,91.55,0.45,9.07,55.25,141.0
Athens-Clarke County unified government,307.08,12.0,60.8,2.06,10.64,17.41,55.0
Laguna Niguel,283.72,11.48,87.26,5.19,2.19,4.27,130.0
Washington,333.79,17.82,58.65,2.06,4.46,6.5,49.0
Bridgeport,340.46,22.96,45.78,5.01,4.73,6.87,38.0
North Richland Hills,270.37,4.24,83.69,1.36,21.63,41.14,121.0
Pittsburg,277.04,13.54,62.23,7.75,2.27,3.25,60.0
Rio Rancho,220.3,0.95,94.41,0.79,2.04,2.58,148.0
Indio,236.99,0.72,104.43,0.06,1.48,8.6,173.0
Thousand Oaks,257.02,3.3,85.83,0.6,1.6,2.34,127.0
Little Rock,250.34,8.05,62.23,6.32,7.62,18.11,60.0
Newport Beach,320.44,19.88,83.69,7.75,3.2,5.86,121.0
Kenosha,330.45,14.57,43.27,1.19,5.12,6.68,36.0
Baldwin Park,257.02,6.17,83.69,1.97,2.73,5.07,121.0
Gary,410.56,40.1,35.05,15.02,11.32,16.22,50.0
Paradise,216.96,2.66,86.55,0.62,0.61,2.62,128.0
German,270.37,3.9,66.52,0.63,8.28,10.47,73.0
Rochester,287.06,9.0,61.51,1.12,0.96,1.19,57.0
Cedar Park,233.65,1.07,89.41,2.21,17.79,37.46,136.0
San Ramon,260.35,5.74,33.26,0.08,4.07,5.01,28.0
New Rochelle,417.23,50.72,22.53,10.01,8.19,12.52,63.0
Metairie,250.34,6.17,90.12,2.09,4.26,10.65,137.0
Bay,423.91,18.68,30.4,4.41,27.26,28.69,73.0
New Bedford,323.77,20.22,53.64,3.46,3.97,5.8,45.0
Dearborn,330.45,18.85,42.56,2.18,3.39,4.17,36.0
Alhambra,253.68,7.54,77.96,1.73,1.82,5.14,107.0
Baltimore,303.75,10.45,68.67,1.88,3.41,5.29,80.0
Merced,273.71,5.01,62.23,0.71,1.69,2.52,60.0
Westminster,257.02,12.68,62.94,4.77,2.34,7.92,62.0
Skokie,400.54,31.87,39.34,3.04,9.43,11.85,39.0
Port Saint Lucie,243.66,2.83,85.83,0.44,2.66,4.6,127.0
Vacaville,250.34,3.3,70.1,0.31,0.99,1.56,84.0
Oklahoma City,280.38,6.86,75.82,0.97,8.85,25.07,102.0
Sugar Land,230.31,1.37,82.25,0.38,4.77,12.13,118.0
Lynwood,290.39,11.82,75.1,4.11,2.09,4.07,100.0
Largo,290.39,13.37,65.09,1.74,4.69,7.02,69.0
Milwaukee,453.95,37.7,14.84,1.03,8.93,11.66,47.0
Greeley,220.3,0.98,60.08,0.27,0.5,0.6,53.0
Bethlehem,240.33,9.17,57.22,3.93,1.44,2.1,48.0
Meridian,223.64,1.24,78.68,0.37,3.35,8.32,109.0
Oshkosh,323.77,16.28,48.64,0.26,2.69,3.46,41.0
Apple Valley,270.37,5.66,46.49,0.54,1.25,1.76,39.0
Nampa,226.97,1.48,72.96,0.06,0.5,0.83,93.0
Cary,293.73,10.11,50.78,3.22,5.69,7.57,43.0
Rockville,307.08,12.17,63.66,1.8,3.67,5.14,64.0
Portland,236.99,1.91,78.68,0.25,0.5,0.76,109.0
Orlando,290.39,26.39,60.08,1.71,3.31,4.95,53.0
Folsom,343.8,12.0,45.78,1.86,3.79,6.04,38.0
Pawtucket,323.77,14.91,50.78,1.04,2.08,3.29,43.0
Augusta-Richmond County consolidated government,,,,,,,
Chandler,267.03,3.64,97.28,1.03,4.97,14.22,155.0
Albany,500.68,47.3,8.94,1.0,6.96,9.67,59.0
Bayamón,226.97,0.17,39.34,0.14,0.83,1.59,33.0
Salem,230.31,0.44,78.68,0.03,0.5,0.74,109.0
Franklin,250.34,3.13,77.25,0.97,5.51,8.02,105.0
Mayagüez,226.97,0.17,36.48,0.18,0.82,1.32,30.0
Anaheim,554.09,52.09,50.07,13.11,20.99,27.83,65.0
Boynton Beach,250.34,4.8,92.98,0.93,4.17,8.79,144.0
Citrus Heights,287.06,5.57,54.36,0.44,1.34,2.56,46.0
Lawrence,,,,,,,
Charlotte,,,,,,,
Chattanooga,250.34,5.57,68.67,2.44,6.82,11.82,80.0
Roanoke,253.68,5.4,72.24,0.87,3.42,4.7,91.0
Chicago,520.71,50.04,22.53,6.26,15.68,20.39,62.0
McKinney,273.71,8.82,83.69,2.83,13.53,29.73,121.0
Las Cruces,205.28,0.51,83.69,0.06,21.29,129.35,121.0
Santa Monica,253.68,3.56,77.25,0.78,0.97,1.38,105.0
Union City,407.22,29.13,56.51,6.14,10.43,17.86,47.0
Miami,240.33,5.44,80.11,0.92,3.26,5.37,112.0
Simi Valley,236.99,0.85,82.97,0.1,0.56,0.81,119.0
Mesquite,240.33,3.26,85.83,1.36,7.92,17.94,127.0
Sunrise,263.69,10.8,81.54,2.74,6.6,9.6,116.0
Bellflower,347.14,25.02,69.38,7.87,4.31,7.88,82.0
Saint Louis,367.17,27.76,47.92,8.46,7.22,9.86,40.0
Champaign,297.07,7.8,68.67,1.46,4.33,4.76,80.0
Evanston,400.54,31.87,39.34,3.04,9.43,11.85,39.0
Corona,307.08,12.68,79.39,2.74,4.61,7.56,110.0
Moreno Valley,260.35,4.84,88.69,1.25,2.06,5.22,134.0
Cheektowaga,290.39,11.14,57.94,1.94,2.71,2.92,49.0
Medford,327.11,18.68,50.07,1.36,1.91,3.19,42.0
Lexington-Fayette  county,270.37,8.23,62.94,1.3,3.19,4.16,62.0
Town 'n' Country,263.69,6.51,71.53,0.52,4.35,6.88,89.0
Chula Vista,257.02,5.4,94.41,1.89,1.8,3.06,148.0
North Charleston,267.03,5.74,67.95,1.12,4.8,5.41,77.0
Renton,263.69,4.71,87.98,0.83,0.59,1.26,132.0
Antioch,290.39,10.37,69.38,1.97,6.9,9.79,82.0
Long Beach,297.07,16.79,73.67,8.46,2.35,4.61,95.0
Columbia,270.37,5.74,75.82,1.43,5.88,8.59,102.0
Kalamazoo,280.38,7.8,69.38,1.19,1.56,1.95,82.0
Murfreesboro,253.68,3.17,79.39,1.1,5.56,8.2,110.0
Livermore,280.38,11.65,65.8,3.16,2.94,5.2,71.0
Sioux Falls,253.68,3.94,49.35,1.06,0.77,0.93,41.0
Carolina,226.97,0.17,42.92,0.12,1.05,1.84,36.0
Green Bay,307.08,11.48,46.49,0.15,2.94,4.03,39.0
Cambridge,243.66,2.31,76.53,0.6,1.46,5.46,103.0
San Jose,317.1,17.82,70.1,4.59,5.31,7.79,84.0
Deltona,253.68,4.88,72.24,0.77,3.4,5.19,91.0
Lynn,317.1,17.31,53.64,1.54,1.7,2.81,45.0
Turlock,273.71,7.71,66.52,3.82,1.57,2.51,73.0
Homestead,240.33,4.03,72.96,0.77,2.9,4.29,93.0
Gresham,250.34,5.44,73.67,0.76,0.61,0.89,95.0
Philadelphia,353.81,33.59,47.92,10.01,4.22,5.87,41.0
Olathe,307.08,11.82,59.37,2.12,6.28,7.05,51.0
Orange,447.27,19.02,32.54,2.86,30.72,31.99,80.0
San Leandro,480.65,42.5,38.98,10.01,15.59,22.35,53.0
Los Angeles,260.35,6.08,76.53,1.64,1.61,3.85,103.0
Erie,273.71,5.44,67.23,1.79,2.25,2.81,75.0
Ellicott City,303.75,10.45,68.67,1.88,3.41,5.29,80.0
Fremont,357.15,23.99,61.51,6.56,8.82,13.03,57.0
Warren,330.45,17.65,42.92,1.49,3.0,3.69,36.0
Dothan,236.99,1.39,80.82,0.29,3.73,4.87,114.0
Bk,480.65,63.06,9.3,11.56,11.45,15.69,78.0
Killeen,243.66,2.36,94.41,1.74,16.51,35.88,148.0
Miami Gardens,270.37,14.57,70.81,2.24,5.02,7.15,86.0
Laredo,287.06,3.34,97.28,2.0,22.73,43.71,155.0
Santa Rosa,230.31,0.87,77.96,0.03,0.5,0.75,107.0
East Los Angeles,253.68,7.54,77.96,1.73,1.82,5.14,107.0
Bellevue,290.39,10.88,73.67,1.91,1.5,2.64,95.0
Gulfport,230.31,1.02,90.12,0.47,2.55,6.15,137.0
Elgin,327.11,13.37,55.08,0.97,6.96,8.37,46.0
Victoria,253.68,2.42,72.96,1.12,0.5,0.67,93.0
Brandon,390.53,14.4,35.05,3.52,25.33,26.57,69.0
South Gate,290.39,11.82,75.1,4.11,2.09,4.07,100.0
Plymouth,260.35,10.28,54.36,2.65,3.09,4.67,46.0
Avondale,226.97,0.56,108.72,0.13,3.1,15.31,184.0
O'Fallon,330.45,18.17,54.36,6.32,5.68,7.73,46.0
Pleasanton,340.46,21.94,58.65,5.72,8.76,13.04,49.0
Sacramento,277.04,5.4,55.08,0.32,1.2,1.66,46.0
Camden,353.81,33.59,47.92,10.01,4.22,5.87,41.0
Sterling Heights,330.45,17.65,42.92,1.49,3.0,3.69,36.0
Longmont,230.31,3.13,58.65,1.8,0.5,0.63,49.0
Mobile,240.33,3.13,90.12,0.69,2.55,5.84,137.0
Allen,273.71,8.82,83.69,2.83,13.53,29.73,121.0
Mission Viejo,283.72,11.48,87.26,5.19,2.19,4.27,130.0
Lowell,307.08,12.85,59.37,0.59,1.48,2.35,51.0
Clifton,320.44,17.82,52.93,4.65,3.69,5.83,44.0
Springfield,300.41,7.45,65.09,1.85,5.73,6.31,69.0
Perris,257.02,4.41,88.69,1.1,2.28,5.07,134.0
Atlanta,343.8,26.05,56.51,3.1,9.91,19.75,47.0
Ogden,216.96,4.07,70.81,0.17,1.01,2.0,86.0
Lafayette,220.3,0.83,95.84,0.23,3.26,8.6,152.0
Tempe,263.69,2.29,100.14,0.58,2.96,6.59,162.0
Anchorage,257.02,0.92,57.94,0.01,0.5,0.64,49.0
North Little Rock,250.34,8.05,62.23,6.32,7.62,18.11,60.0
Melbourne,243.66,10.71,11.8,7.39,5.99,9.96,19.0
Goodyear,226.97,0.56,108.72,0.13,3.1,15.31,184.0
Enterprise,226.97,1.19,85.83,0.43,3.23,4.64,127.0
Carmichael,250.34,2.51,45.42,0.94,2.19,5.52,38.0
Reading,240.33,3.26,70.81,0.72,1.66,6.67,86.0
Vancouver,290.39,6.43,48.64,2.03,0.91,2.29,41.0
Arden-Arcade,367.17,16.97,42.2,3.58,4.07,5.34,35.0
Napa,250.34,3.04,71.53,0.49,1.55,2.19,89.0
Albuquerque,226.97,0.78,94.41,0.27,1.24,1.79,148.0
Southfield,317.1,13.71,47.92,0.94,1.88,2.29,40.0
Boise,260.35,3.9,75.1,0.37,1.03,1.53,100.0
Raleigh,293.73,10.11,50.78,3.22,5.69,7.57,43.0
Harlingen,236.99,2.01,80.11,0.71,6.51,18.34,112.0
Sioux City,277.04,5.74,41.13,1.13,1.62,1.76,34.0
Greenville,273.71,5.44,67.95,1.15,6.05,9.01,77.0
Norman,270.37,4.84,75.1,0.59,8.53,22.32,100.0
Carrollton,273.71,8.05,80.82,2.44,15.12,31.95,114.0
Ponce,203.61,0.18,30.04,0.22,1.19,3.33,25.0
Fairfield,233.65,1.82,70.81,0.11,0.97,1.69,86.0
Weston,257.02,9.17,65.09,3.1,3.17,9.09,69.0
Santa Barbara,220.3,1.14,75.1,0.05,0.73,1.38,100.0
Bakersfield,250.34,1.2,80.11,0.29,1.52,1.93,112.0
Midland,201.94,0.8,90.84,0.09,5.32,32.91,139.0
Mountain View,270.37,8.23,70.81,2.24,2.07,3.6,86.0
Lakewood,226.97,4.5,61.51,1.03,0.54,0.77,57.0
Gastonia,287.06,8.74,64.37,2.0,5.78,8.68,66.0
Everett,250.34,3.17,84.4,1.3,0.5,0.76,123.0
Miami Beach,240.33,5.44,80.11,0.92,3.26,5.37,112.0
West Jordan,220.3,5.27,74.39,1.49,0.78,1.92,98.0
Farmington Hills,317.1,13.71,47.92,0.94,1.88,2.29,40.0
Pomona,267.03,7.37,80.82,2.21,4.42,6.54,114.0
Suffolk,277.04,4.63,70.81,1.85,4.0,5.22,86.0
Chesapeake,280.38,5.74,67.95,1.76,4.09,5.43,77.0
Rock Hill,260.35,4.63,63.66,1.22,5.84,8.42,64.0
Saint Cloud,433.92,41.81,21.64,7.99,17.33,19.44,53.0
Lake Charles,220.3,1.91,92.98,1.39,3.07,8.31,144.0
Eau Claire,313.76,13.37,30.04,2.71,2.37,2.85,25.0
Sandy Springs,320.44,17.65,62.94,2.8,9.45,17.5,62.0
Missoula,216.96,0.96,73.67,0.05,0.5,0.52,95.0
Plano,273.71,8.82,83.69,2.83,13.53,29.73,121.0
Columbus,287.06,9.25,65.8,0.81,3.4,4.28,71.0
Beaverton,230.31,0.83,80.11,0.06,0.5,0.72,112.0
Riverview,277.04,2.83,50.78,0.11,0.5,0.61,43.0
Colorado Springs,206.95,4.54,69.38,1.01,0.88,1.09,82.0
San Bernardino,226.97,1.8,85.12,0.32,1.37,5.09,125.0
Loveland,230.31,3.86,58.65,3.07,0.54,0.7,49.0
Reno,250.34,5.1,60.8,0.05,2.31,2.86,55.0
Thornton,220.3,3.56,61.51,0.19,0.5,0.67,57.0
Flint,317.1,10.03,43.27,0.61,5.49,6.11,36.0
Hartford,297.07,9.85,64.37,1.55,1.45,2.38,66.0
Lynchburg,243.66,3.09,81.54,1.37,3.83,5.44,116.0
Quincy,350.48,23.31,41.49,1.73,2.52,4.39,35.0
Casas Adobes,226.97,0.68,95.84,0.14,2.95,11.85,152.0
Ontario,,,,,,,
Stockton,257.02,4.5,67.23,0.97,0.8,1.38,75.0
Kendall,273.71,12.68,68.67,2.38,3.9,5.8,80.0
Murrieta,257.02,4.54,85.83,1.1,2.77,5.35,127.0
Chino,267.03,7.37,80.82,2.21,4.42,6.54,114.0
Lorain,283.72,5.91,65.09,2.18,2.49,3.08,69.0
Vista,273.71,8.23,84.4,2.65,3.31,5.68,123.0
Irving,273.71,8.05,80.82,2.44,15.12,31.95,114.0
Redlands,233.65,4.41,77.96,0.36,1.87,6.24,107.0
Rochester Hills,310.42,12.51,47.21,0.94,2.65,3.35,40.0
New Haven,330.45,17.99,51.5,3.87,3.87,5.37,43.0
Saint George,226.97,0.85,54.36,0.42,2.06,8.41,46.0
Sparks,397.21,20.39,55.79,2.35,13.52,15.91,47.0
Pearland,233.65,1.59,87.26,0.38,4.91,13.32,130.0
Fort Worth,280.38,4.63,85.83,1.74,21.51,39.82,127.0
Auburn,226.97,1.27,85.12,0.51,5.79,13.82,125.0
Davis,253.68,2.42,70.1,0.21,0.66,0.92,84.0
Dale City,300.41,8.91,68.67,1.28,3.85,5.7,80.0
Alexandria,233.65,0.64,81.54,0.37,0.81,3.47,116.0
Cedar Rapids,433.92,21.25,39.7,0.44,14.47,16.07,46.0
Vallejo,243.66,2.61,75.82,0.36,0.97,1.6,102.0
Overland Park,317.1,13.88,55.08,2.24,6.88,7.66,46.0
Hawthorne,290.39,11.82,75.1,4.11,2.09,4.07,100.0
Conroe,230.31,2.66,81.54,1.49,4.38,8.53,116.0
Danbury,300.41,11.82,57.94,3.37,2.28,3.4,49.0
The Woodlands,233.65,4.07,80.82,2.53,4.68,9.65,114.0
Maple Grove,263.69,4.97,45.42,2.21,0.91,1.37,38.0
Madison,453.95,30.5,40.41,1.59,11.45,13.22,38.0
Pueblo,233.65,5.74,83.69,1.06,0.5,0.83,121.0
Spring Hill,433.92,21.59,36.48,1.46,16.89,18.34,52.0
Paterson,320.44,17.82,52.93,4.65,3.69,5.83,44.0
Boston,350.48,23.31,41.49,1.73,2.52,4.39,35.0
Frisco,283.72,8.31,82.25,2.71,17.84,35.64,118.0
Kenner,236.99,5.06,91.55,2.47,4.0,10.45,141.0
Naperville,383.85,22.28,46.49,1.82,9.43,11.67,39.0
League City,240.33,3.17,87.26,0.81,4.92,12.98,130.0
Florence-Graham,,,,,,,
Kennewick,240.33,1.14,82.25,0.12,0.5,0.7,118.0
Sandy,250.34,9.34,71.53,2.41,3.28,4.56,89.0
Salt Lake City,220.3,5.27,74.39,1.49,0.78,1.92,98.0
Tampa,300.41,15.25,63.66,1.67,5.33,7.66,64.0
Detroit,330.45,18.85,42.56,2.18,3.39,4.17,36.0
Palmdale,233.65,1.5,77.25,0.26,1.61,4.31,105.0
Brownsville,243.66,1.76,77.96,0.86,6.05,18.0,107.0
San Clemente,253.68,1.61,48.64,0.04,1.25,1.35,41.0
Palm Coast,250.34,8.23,61.51,2.09,4.16,5.85,57.0
Dayton,323.77,14.57,60.8,1.06,5.13,6.36,55.0
Manteca,257.02,4.5,67.23,0.97,0.8,1.38,75.0
Tacoma,240.33,1.5,80.82,0.11,0.5,1.07,114.0
Johns Creek,277.04,10.54,63.66,6.2,8.55,16.38,64.0
Clearwater,277.04,9.68,69.38,1.52,3.93,6.36,82.0
Houston,247.0,5.01,83.69,1.25,5.12,12.93,121.0
Palo Alto,407.22,29.13,56.51,6.14,10.43,17.86,47.0
Savannah,260.35,7.03,62.94,0.25,3.0,4.34,62.0
Glen Burnie,327.11,19.88,60.8,2.83,4.4,6.45,55.0
Downey,347.14,25.02,69.38,7.87,4.31,7.88,82.0
San Buenaventura,233.65,2.16,80.11,0.05,0.53,1.07,112.0
Bend,206.95,0.36,73.67,0.02,0.5,0.55,95.0
Orem,230.31,3.81,77.96,0.59,1.72,2.82,107.0
Escondido,273.71,7.03,89.41,2.09,2.93,4.75,136.0
Whittier,347.14,25.02,69.38,7.87,4.31,7.88,82.0
Arlington,277.04,5.74,84.4,2.03,17.83,34.8,123.0
Bayonne,300.41,4.24,60.08,0.6,6.03,6.57,53.0
Tyler,236.99,2.04,64.37,0.17,2.66,4.56,66.0
Santa Fe,226.97,2.79,81.54,0.28,1.97,2.52,116.0
Bryan,226.97,1.78,80.11,1.71,3.44,5.93,112.0
Hialeah,270.37,14.57,70.81,2.24,5.02,7.15,86.0
Centreville,263.69,4.93,75.1,0.69,3.22,4.57,100.0
Providence,297.07,9.51,58.65,0.94,1.55,2.27,49.0
Cincinnati,320.44,19.88,55.08,5.31,4.24,5.8,46.0
Lewisville,283.72,8.31,82.25,2.71,17.84,35.64,118.0
Hammond,410.56,36.33,31.47,11.09,8.74,14.29,45.0
Jackson,230.31,2.06,90.84,0.46,4.01,8.74,139.0
Wichita Falls,233.65,1.39,91.55,0.59,5.8,13.94,141.0
Jurupa Valley,307.08,12.68,79.39,2.74,4.61,7.56,110.0
Upland,267.03,7.37,80.82,2.21,4.42,6.54,114.0
San Tan Valley,267.03,3.38,92.98,0.92,6.73,17.73,144.0
Austin,247.0,4.58,85.12,1.59,18.67,36.74,125.0
San Antonio,260.35,5.48,77.25,2.12,19.51,38.07,105.0
Coral Springs,243.66,4.46,91.55,0.95,4.83,8.79,141.0
Saint Joseph,243.66,2.83,71.53,1.21,0.96,2.92,89.0
Phoenix,243.66,1.82,101.57,0.41,2.69,8.68,166.0
Surprise,223.64,0.4,108.72,0.1,1.47,5.36,184.0
Duluth,303.75,13.88,30.04,7.15,2.1,3.55,25.0
Fort Wayne,307.08,10.71,55.08,3.99,4.5,5.15,46.0
Brockton,323.77,15.59,48.64,1.03,1.96,3.86,41.0
Memphis,257.02,9.43,71.53,4.41,7.49,17.5,89.0
Huntsville,250.34,3.09,78.68,1.15,7.21,15.44,109.0
Pittsburgh,277.04,13.54,62.23,7.75,2.27,3.25,60.0
Waterbury,287.06,8.14,62.94,3.25,1.5,2.22,62.0
Longview,236.99,3.3,65.8,0.57,3.69,5.14,71.0
Shreveport,233.65,3.43,73.67,0.66,3.28,4.28,95.0
West Covina,257.02,6.17,83.69,1.97,2.73,5.07,121.0
Sunrise Manor,216.96,2.66,86.55,0.62,0.61,2.62,128.0
Indianapolis,383.85,27.76,47.21,2.62,7.46,9.15,40.0
Kirkland,290.39,10.88,73.67,1.91,1.5,2.64,95.0
Delray Beach,250.34,4.8,92.98,0.93,4.17,8.79,144.0
Pasco,240.33,1.14,82.25,0.12,0.5,0.7,118.0
Carson,290.39,11.82,75.1,4.11,2.09,4.07,100.0
Virginia Beach,307.08,12.17,68.67,3.76,4.65,6.15,80.0
Lansing,297.07,11.31,55.79,1.54,1.39,1.62,47.0
Bismarck,243.66,4.54,66.52,6.56,0.5,0.81,73.0
Manchester,253.68,12.0,57.94,3.61,1.83,4.84,49.0
Frederick,253.68,5.01,82.25,2.38,3.47,4.92,118.0
Tucson,226.97,0.68,95.84,0.14,2.95,11.85,152.0
Amarillo,203.61,0.31,90.12,0.14,1.7,5.41,137.0
Broken Arrow,250.34,4.46,83.69,4.41,13.31,27.61,121.0
Arlington Heights,390.53,26.05,43.63,2.06,8.86,10.99,36.0
El Monte,253.68,7.54,77.96,1.73,1.82,5.14,107.0
Billings,236.99,3.68,52.21,5.01,0.5,0.82,44.0
Fontana,257.02,6.94,67.95,0.98,3.37,6.77,77.0
Brooklyn Park,280.38,8.74,41.49,3.87,1.51,2.4,35.0
Waukesha,330.45,12.68,45.78,0.68,5.17,6.8,38.0
Syracuse,310.42,13.2,67.95,127.79,29.42,40.68,92.0
Walnut Creek,310.42,20.39,57.22,10.73,3.62,6.71,48.0
Dallas,253.68,5.27,84.4,1.88,10.56,24.08,123.0
Jersey City,377.18,34.27,35.76,6.02,5.95,9.28,42.0
Stamford,330.45,20.05,47.92,4.53,4.05,5.99,40.0
Canton,233.65,2.79,77.96,3.93,4.87,9.38,107.0
Silver Spring,333.79,17.82,58.65,2.06,4.46,6.5,49.0
Edinburg,273.71,19.54,39.7,3.34,2.13,3.76,33.0
Wilmington,330.45,17.48,60.08,4.71,3.24,4.75,53.0
Gainesville,247.0,4.67,67.95,2.53,3.06,4.93,77.0
Spokane,243.66,1.61,75.82,0.14,0.5,0.58,102.0
Passaic,320.44,17.82,52.93,4.65,3.69,5.83,44.0
Des Moines,433.92,21.59,36.48,1.46,16.89,18.34,52.0
Racine,397.21,28.45,32.9,2.65,7.62,9.34,35.0
West Palm Beach,250.34,3.34,94.41,0.79,5.48,10.2,148.0
Menifee,260.35,6.51,83.69,1.22,2.05,5.44,121.0
Johnson City,263.69,6.43,70.81,1.0,5.28,7.52,86.0
West Valley City,220.3,5.27,74.39,1.49,0.78,1.92,98.0
Framingham,313.76,13.37,48.64,0.75,1.48,2.34,41.0
Rialto,226.97,1.8,85.12,0.32,1.37,5.09,125.0
Chico,257.02,1.71,62.23,0.12,0.5,0.71,60.0
Hesperia,216.96,0.42,92.98,0.02,1.12,6.07,144.0
Visalia,270.37,4.28,64.37,0.51,1.9,2.63,66.0
Richmond,273.71,5.74,76.53,0.94,3.43,4.87,103.0
Bolingbrook,383.85,22.28,46.49,1.82,9.43,11.67,39.0
Springdale,236.99,1.78,87.26,2.09,9.21,19.11,130.0
Baton Rouge,236.99,9.17,87.26,4.47,4.06,8.38,130.0
Carlsbad,263.69,6.51,90.84,2.5,2.1,3.58,139.0
Plantation,263.69,10.8,81.54,2.74,6.6,9.6,116.0
San Francisco,230.31,0.84,80.82,0.22,0.5,0.9,114.0
New Braunfels,236.99,2.34,89.41,4.47,20.15,37.46,136.0
Mission,250.34,2.46,88.69,1.94,16.86,32.81,134.0
Norwalk,330.45,20.05,47.92,4.53,4.05,5.99,40.0
Grand Rapids,297.07,11.14,52.21,4.71,1.26,1.65,44.0
Odessa,280.38,3.68,72.96,1.89,4.5,4.61,93.0
Nashville,290.39,10.37,69.38,1.97,6.9,9.79,82.0
Greensboro,280.38,10.03,73.67,5.13,4.44,7.02,95.0
Fayetteville,236.99,1.78,87.26,2.09,9.21,19.11,130.0
Carmel,317.1,10.97,61.51,1.18,4.82,6.05,57.0
Troy,500.68,47.3,8.94,1.0,6.96,9.67,59.0
Cape Coral,240.33,2.23,82.25,0.16,5.33,7.14,118.0
Highlands Ranch,233.65,8.05,61.51,2.03,0.98,1.37,57.0
Poinciana,257.02,11.14,73.67,3.1,3.42,5.49,95.0
Edmond,267.03,4.67,77.96,0.76,8.66,25.61,107.0
Oceanside,263.69,6.51,90.84,2.5,2.1,3.58,139.0
Fort Lauderdale,257.02,9.6,84.4,2.71,5.82,8.93,123.0
Waukegan,347.14,17.48,50.78,1.25,6.52,8.73,43.0
Temple,233.65,1.5,85.83,0.94,14.56,31.42,127.0
San Marcos,233.65,1.99,85.83,1.16,17.99,34.78,127.0
Appleton,260.35,4.58,60.08,0.22,1.28,1.58,53.0
Kent,260.35,10.03,62.23,1.28,2.87,9.54,60.0
Youngs,293.73,9.94,55.79,1.74,6.56,9.9,47.0
Tuscaloosa,236.99,2.51,75.1,1.7,5.36,9.2,100.0
Schaumburg,360.49,16.45,52.93,1.28,7.93,9.91,44.0
South Bend,333.79,22.62,47.92,5.48,5.58,7.17,40.0
Tustin,320.44,19.88,83.69,7.75,3.2,5.86,121.0
Ames,293.73,8.31,58.65,0.98,4.26,7.92,49.0
Berkeley,367.17,23.31,45.78,5.84,5.31,10.91,38.0
Oxnard,283.72,7.2,77.25,0.81,2.11,3.07,105.0
Broomfield,230.31,3.47,60.8,1.15,0.5,0.64,55.0
Flower Mound,283.72,5.91,86.55,2.09,22.46,41.74,128.0
Fort Smith,236.99,2.25,80.11,2.77,11.99,26.85,112.0
Ann Arbor,293.73,9.25,57.22,0.44,0.65,0.83,48.0
Palm Bay,247.0,3.3,86.55,0.69,2.26,3.49,128.0
Newport News,270.37,4.58,71.53,2.65,3.74,4.97,89.0
Newark,377.18,34.27,35.76,6.02,5.95,9.28,42.0
Seattle,250.34,2.27,92.98,0.72,0.5,0.88,144.0
Cicero,520.71,50.04,22.53,6.26,15.68,20.39,62.0
Durham,280.38,8.91,64.37,2.24,4.56,6.55,66.0
Nashua,290.39,8.91,60.08,0.3,0.91,1.43,53.0
Bellingham,250.34,2.06,69.38,0.49,0.5,0.6,82.0
Denver,226.97,5.83,62.94,1.13,0.54,0.81,62.0
Yonkers,367.17,32.22,37.91,6.44,5.54,8.59,40.0
Santa Clarita,243.66,1.44,80.82,0.23,0.6,0.84,114.0
Caguas,226.97,0.17,39.34,0.14,0.83,1.59,33.0
Spokane Valley,250.34,2.46,75.1,0.22,0.5,0.68,100.0
Lee's Summit,293.73,7.63,60.8,1.37,6.19,6.82,55.0
Lakeland,283.72,17.65,65.09,1.27,4.47,6.84,69.0
Newton,327.11,15.08,47.92,0.87,1.78,3.47,40.0
Pembroke Pines,263.69,10.8,81.54,2.74,6.6,9.6,116.0
Atascocita,243.66,7.37,83.69,3.82,5.45,12.7,121.0
Yuba City,263.69,1.97,55.79,0.11,0.69,1.0,47.0
Las Vegas,216.96,2.66,86.55,0.62,0.61,2.62,128.0
Abilene,226.97,1.1,88.69,0.82,8.56,19.06,134.0
Pharr,253.68,3.09,86.55,5.42,13.42,27.97,128.0
Waldorf,841.14,83.63,0.0,35.29,34.25,43.58,102.0
Pine Hills,287.06,27.76,62.23,1.61,2.99,4.71,60.0
Provo,230.31,3.81,77.96,0.59,1.72,2.82,107.0
Lawton,247.0,2.53,70.81,0.58,7.4,22.93,86.0
Akron,280.38,6.86,65.8,1.03,3.06,4.1,71.0
Livonia,317.1,14.74,47.21,1.16,2.25,2.71,40.0
Omaha,303.75,6.94,36.84,0.98,3.1,3.4,31.0
Glendale,260.35,6.08,76.53,1.64,1.61,3.85,103.0
Knoxville,313.76,14.4,56.51,2.41,7.23,10.31,47.0
Richardson,267.03,8.74,82.97,2.71,11.99,26.69,119.0
Birmingham,253.68,12.0,62.23,3.67,1.97,6.65,60.0
Henderson,216.96,3.34,88.69,0.33,0.5,2.32,134.0
San Diego,257.02,5.4,94.41,1.89,1.8,3.06,148.0
Mount Vernon,263.69,5.18,73.67,3.82,2.6,3.49,95.0
Asheville,247.0,3.9,77.96,0.75,4.59,7.1,107.0
Scottsdale,263.69,2.29,100.14,0.58,2.96,6.59,162.0
College Station,226.97,1.37,78.68,1.31,3.68,6.49,109.0
Riverside,260.35,4.84,88.69,1.25,2.06,5.22,134.0
Rockford,303.75,7.03,60.8,0.77,5.45,6.3,55.0
San Angelo,223.64,0.8,79.39,0.66,7.34,19.11,110.0
Winston-Salem,280.38,5.23,74.39,1.19,4.48,6.95,98.0
Urban Honolulu,,,,,,,
Roseville,287.06,5.57,54.36,0.44,1.34,2.56,46.0
Rancho Cucamonga,257.02,6.94,67.95,0.98,3.37,6.77,77.0
Aurora,343.8,15.25,54.36,0.97,8.1,9.73,46.0
Elizabeth,307.08,13.2,58.65,3.13,3.09,5.19,49.0
Yakima,233.65,1.5,75.1,0.19,0.5,0.72,100.0
Wyoming,297.07,11.14,52.21,4.71,1.26,1.65,44.0
Norfolk,287.06,8.23,70.1,2.71,4.07,5.39,84.0
Redwood City,257.02,6.68,73.67,1.89,1.38,2.43,95.0
Yuma,226.97,0.33,108.72,0.04,3.51,24.03,184.0
Wichita,297.07,10.8,64.37,1.88,6.92,8.56,66.0
Fishers,317.1,10.97,61.51,1.18,4.82,6.05,57.0
Hampton,283.72,7.8,70.81,4.23,3.87,5.08,86.0
Louisville/Jefferson County metro government,,,,,,,
Woodbury,310.42,16.11,36.12,3.07,2.63,3.51,30.0
Eagan,317.1,16.62,34.69,2.8,2.85,3.8,29.0
Portsmouth,243.66,6.08,70.1,1.67,1.84,6.99,84.0
Clovis,267.03,3.81,53.64,0.3,2.27,3.25,45.0
Alameda,280.38,10.37,70.81,3.49,1.92,3.35,86.0
Saint Charles,357.15,25.02,50.07,7.87,7.42,9.78,42.0
Shawnee,300.41,11.14,58.65,2.86,5.91,6.57,49.0
Miramar,270.37,14.57,70.81,2.24,5.02,7.15,86.0
Joliet,343.8,14.74,52.93,1.48,7.98,10.05,44.0
Beaumont,223.64,1.54,89.41,0.86,2.65,7.76,136.0
Fort Collins,223.64,2.68,62.94,2.38,0.76,0.91,62.0
Yorba Linda,554.09,52.09,50.07,13.11,20.99,27.83,65.0
Elk Grove,367.17,16.97,42.2,3.58,4.07,5.34,35.0
Saint Petersburg,280.38,10.8,55.08,12.99,0.92,1.48,46.0
Alafaya,290.39,26.39,60.08,1.71,3.31,4.95,53.0
The Villages,243.66,2.31,81.54,0.19,2.23,3.86,116.0
New Britain,168.56,0.03,3.44,20.27,46.05,46.15,111.0
Lehigh Acres,240.33,2.08,78.68,0.22,5.66,7.21,109.0
Tulsa,253.68,5.44,81.54,5.07,14.99,31.38,116.0
Fargo,243.66,1.34,60.8,0.03,0.5,0.52,55.0
Tracy,260.35,8.4,73.67,2.35,1.5,2.55,95.0
Parma,620.84,26.39,17.52,2.09,29.04,32.77,77.0
Hillsboro,230.31,0.83,80.11,0.06,0.5,0.72,112.0
Warwick,257.02,10.71,64.37,3.31,1.84,6.42,66.0
Toledo,423.91,40.44,16.27,0.38,8.8,12.04,50.0
Minneapolis,283.72,8.65,41.84,0.81,1.6,2.37,35.0
Hollywood,260.35,6.08,76.53,1.64,1.61,3.85,103.0
Temecula,263.69,5.44,81.54,0.89,2.6,5.71,116.0
Waterloo,343.8,12.51,42.2,1.16,8.13,8.66,35.0
Deerfield Beach,243.66,4.71,94.41,1.07,4.63,8.94,148.0
Montgomery,253.68,6.77,75.1,2.71,5.21,9.36,100.0
Fall River,323.77,20.05,52.21,2.15,3.22,4.85,44.0
Cleveland,283.72,5.74,66.52,2.15,2.7,3.4,73.0
Camarillo,240.33,1.52,85.12,0.07,0.89,1.36,125.0
Fort Myers,240.33,2.23,82.25,0.16,5.33,7.14,118.0
Buffalo,287.06,9.77,58.65,1.94,2.53,2.8,49.0
Peoria,427.25,30.85,41.84,2.59,12.59,14.32,40.0
Davenport,467.3,33.24,35.76,2.44,14.82,16.09,48.0
Round Rock,247.0,3.9,88.69,1.52,18.57,37.59,134.0
Lincoln,293.73,7.63,36.12,6.44,2.55,2.82,30.0
Arvada,230.31,3.47,60.8,1.15,0.5,0.64,55.0
Hayward,480.65,42.5,38.98,10.01,15.59,22.35,53.0
Sunnyvale,270.37,8.23,70.81,2.24,2.07,3.6,86.0
Scranton,273.71,6.68,65.09,3.67,1.71,2.35,69.0
Daly City,230.31,0.84,80.82,0.22,0.5,0.9,114.0
Macon,240.33,6.94,77.25,7.75,6.01,13.88,105.0
Irvine,320.44,19.88,83.69,7.75,3.2,5.86,121.0
Jonesboro,267.03,5.48,73.67,2.44,6.63,9.45,95.0
Santa Maria,397.21,1.84,30.04,0.38,1.73,2.04,25.0
Fullerton,554.09,52.09,50.07,13.11,20.99,27.83,65.0
El Cajon,273.71,8.65,94.41,2.86,2.53,3.89,148.0
Costa Mesa,320.44,19.88,83.69,7.75,3.2,5.86,121.0
Huntington Beach,320.44,19.88,83.69,7.75,3.2,5.86,121.0
Santa Ana,320.44,19.88,83.69,7.75,3.2,5.86,121.0
Chino Hills,360.49,24.33,77.25,6.5,9.17,12.85,105.0
Roswell,270.37,10.88,64.37,8.94,8.33,16.35,66.0
Somerville,350.48,23.31,41.49,1.73,2.52,4.39,35.0
Federal Way,243.66,1.36,85.12,0.19,0.5,1.01,125.0
Grand Prairie,257.02,5.74,81.54,2.0,13.04,28.9,116.0
Jacksonville,277.04,10.28,66.52,0.79,4.2,6.68,73.0
Eugene,233.65,0.63,78.68,0.06,0.5,0.75,109.0
Topeka,313.76,14.74,59.37,3.58,7.11,8.06,51.0
Boca Raton,243.66,4.71,94.41,1.07,4.63,8.94,148.0
Evansville,270.37,6.0,74.39,3.22,3.24,4.13,98.0
Mesa,263.69,2.29,100.14,0.58,2.96,6.59,162.0
Tallahassee,257.02,6.51,67.95,0.44,4.1,6.03,77.0
East Orange,307.08,13.2,58.65,3.13,3.09,5.19,49.0
Cranston,293.73,10.2,62.23,0.9,1.67,2.49,60.0
Worcester,283.72,7.28,55.08,0.57,0.84,1.33,46.0
Bloomington,287.06,8.4,63.66,1.91,3.11,3.85,64.0
Compton,290.39,11.82,75.1,4.11,2.09,4.07,100.0
Lake Forest,347.14,17.48,50.78,1.25,6.52,8.73,43.0
North Las Vegas,196.93,0.1,85.83,0.01,0.5,2.28,127.0
Rapid City,220.3,1.05,57.22,0.01,0.5,0.88,48.0
Palatine,360.49,16.45,52.93,1.28,7.93,9.91,44.0
El Paso,196.93,0.38,85.83,0.32,92.56,491.31,384.0
Fresno,300.41,8.57,56.51,1.76,4.24,5.24,47.0
Spring Valley,243.66,7.37,80.11,5.96,5.26,12.29,112.0
Concord,267.03,4.54,70.1,0.12,0.5,0.68,84.0
Corpus Christi,233.65,1.76,74.39,0.97,5.22,11.33,98.0
New York,377.18,34.27,35.76,6.02,5.95,9.28,42.0
Hoover,230.31,1.67,87.26,0.89,3.52,8.71,130.0
Flagstaff,185.25,0.21,77.96,0.01,0.5,1.25,107.0
Layton,210.29,2.4,75.1,0.34,0.88,2.38,100.0
Kansas City,297.07,9.94,60.08,2.44,5.78,6.37,53.0
Gaithersburg,307.08,12.17,63.66,1.8,3.67,5.14,64.0
Lancaster,280.38,8.4,75.82,2.68,2.74,4.36,102.0
Pompano Beach,243.66,4.71,94.41,1.07,4.63,8.94,148.0
Mount Pleasant,236.99,5.1,55.08,6.14,3.61,5.99,46.0
Santa Clara,317.1,17.82,70.1,4.59,5.31,7.79,84.0
Independence,297.07,9.94,60.08,2.44,5.78,6.37,53.0
High Point,277.04,10.37,72.24,4.71,4.47,7.32,91.0
Brentwood,270.37,12.17,69.38,4.89,1.7,2.77,82.0
Clarksville,253.68,4.97,72.96,4.53,4.07,5.59,93.0
Waco,236.99,1.74,85.12,0.85,11.61,26.12,125.0
Westland,307.08,11.65,51.5,0.64,1.16,1.37,43.0
Warner Robins,243.66,4.58,77.96,0.43,4.94,9.35,107.0
South Jordan,250.34,9.34,71.53,2.41,3.28,4.56,89.0
Garland,267.03,8.74,82.97,2.71,11.99,26.69,119.0
Trenton,323.77,19.02,60.08,5.07,3.92,5.66,53.0
Hemet,250.34,5.57,78.68,0.78,2.15,6.1,109.0
Torrance,290.39,11.82,75.1,4.11,2.09,4.07,100.0
New Orleans,250.34,6.17,90.12,2.09,4.26,10.65,137.0
Victorville,216.96,0.42,92.98,0.02,1.12,6.07,144.0
Boulder,213.62,2.61,58.65,1.73,0.83,1.12,49.0
Schenectady,280.38,6.94,54.36,0.19,0.54,0.83,46.0
